Date,Time,Home College,Away College,Sport,Location,Room
9/10/2025,4:00 PM,SY,BF,Spikeball,Morse-Stiles Crescent,
9/10/2025,4:00 PM,TD,ES,Spikeball,Morse-Stiles Crescent,
9/10/2025,4:00 PM,JE,SM,Spikeball,Morse-Stiles Crescent,
9/10/2025,5:15 PM,MC,GH,Spikeball,Morse-Stiles Crescent,
9/10/2025,5:15 PM,MY,DC,Spikeball,Morse-Stiles Crescent,
9/10/2025,5:15 PM,BK,TC,Spikeball,Morse-Stiles Crescent,
9/15/2025,4:00 PM,BK,BR,Spikeball,Morse-Stiles Crescent,
9/15/2025,4:00 PM,MC,MY,Spikeball,Morse-Stiles Crescent,
9/15/2025,4:00 PM,GH,DC,Spikeball,Morse-Stiles Crescent,
9/15/2025,5:15 PM,JE,PC,Spikeball,Morse-Stiles Crescent,
9/15/2025,5:15 PM,SY,TD,Spikeball,Morse-Stiles Crescent,
9/15/2025,5:15 PM,BF,ES,Spikeball,Morse-Stiles Crescent,
9/17/2025,4:00 PM,BF,SM,Spikeball,Morse-Stiles Crescent,
9/17/2025,4:00 PM,TD,PC,Spikeball,Morse-Stiles Crescent,
9/17/2025,4:00 PM,SY,ES,Spikeball,Morse-Stiles Crescent,
9/17/2025,5:15 PM,GH,TC,Spikeball,Morse-Stiles Crescent,
9/17/2025,5:15 PM,MY,BR,Spikeball,Morse-Stiles Crescent,
9/17/2025,5:15 PM,MC,DC,Spikeball,Morse-Stiles Crescent,
9/22/2025,4:00 PM,MC,BK,Spikeball,Morse-Stiles Crescent,
9/22/2025,4:00 PM,GH,BR,Spikeball,Morse-Stiles Crescent,
9/22/2025,4:00 PM,MY,TC,Spikeball,Morse-Stiles Crescent,
9/22/2025,5:15 PM,SY,JE,Spikeball,Morse-Stiles Crescent,
9/22/2025,5:15 PM,BF,PC,Spikeball,Morse-Stiles Crescent,
9/22/2025,5:15 PM,TD,SM,Spikeball,Morse-Stiles Crescent,
9/29/2025,4:00 PM,MY,BK,Spikeball,Morse-Stiles Crescent,
9/29/2025,4:00 PM,DC,TC,Spikeball,Morse-Stiles Crescent,
9/29/2025,4:00 PM,MC,BR,Spikeball,Morse-Stiles Crescent,
9/29/2025,5:15 PM,TD,JE,Spikeball,Morse-Stiles Crescent,
9/29/2025,5:15 PM,ES,SM,Spikeball,Morse-Stiles Crescent,
9/29/2025,5:15 PM,SY,PC,Spikeball,Morse-Stiles Crescent,
10/1/2025,4:00 PM,BF,TD,Spikeball,Morse-Stiles Crescent,
10/1/2025,4:00 PM,ES,JE,Spikeball,Morse-Stiles Crescent,
10/1/2025,4:00 PM,SM,PC,Spikeball,Morse-Stiles Crescent,
10/1/2025,5:15 PM,GH,MY,Spikeball,Morse-Stiles Crescent,
10/1/2025,5:15 PM,DC,BK,Spikeball,Morse-Stiles Crescent,
10/1/2025,5:15 PM,TC,BR,Spikeball,Morse-Stiles Crescent,
10/20/2025,4:00 PM,DC,BR,Spikeball,Morse-Stiles Crescent,
10/20/2025,4:00 PM,MC,TC,Spikeball,Morse-Stiles Crescent,
10/20/2025,4:00 PM,GH,BK,Spikeball,Morse-Stiles Crescent,
10/20/2025,5:15 PM,ES,PC,Spikeball,Morse-Stiles Crescent,
10/20/2025,5:15 PM,SY,SM,Spikeball,Morse-Stiles Crescent,
10/20/2025,5:15 PM,BF,JE,Spikeball,Morse-Stiles Crescent,
